NAME,IRIS ID,ACCESSION,SUBPOPULATION,COUNTRY
ARC 13829,IRIS 313-8712,IRGC 117426,aro,India
ARC 10497,IRIS 313-8813,IRGC 117425,aro,India
JC 157,IRIS 313-9629,IRGC 117498,aro,India
ARC 11959::IRGC 21780-1,IRIS 313-8554,IRGC 121188,aus,India
ARC 10100::IRGC 20709-1,IRIS 313-9137,IRGC 121185,aus,India
DANGAR::IRGC 76296-1,IRIS 313-9610,IRGC 120927,aus,India
NCS 964 C::IRGC 62604-1,IRIS 313-9400,IRGC 125854,indx,India
ARC 11430 B::IRGC 14567-1,IRIS 313-8999,IRGC 125640,subtrop,India
JC 1,IRIS 313-8326,IRGC 117494,aro,India
PANKHARI 203,IRIS 313-9083,IRGC 117551,aro,India
SIMUL KHURI::IRGC 35154-1,IRIS 313-8771,IRGC 121120,aus,India
N 22::IRGC 46459-1,IRIS 313-10150,IRGC 126249,aus,India
ARC 13530::IRGC 41146-1,IRIS 313-8401,,indx,India
PARA NELLU::IRGC 50009-1,IRIS 313-9351,IRGC 125868,ind2,India
ARC 11626::IRGC 21528-1,IRIS 313-9392,IRGC 125642,admix,India
ARC 7091::IRGC 20491-1,IRIS 313-8498,IRGC 126176,aro,India
BEGUM::IRGC 33990-1,IRIS 313-9641,IRGC 125602,aus,India
CO 39,IRIS 313-8265,IRGC 117454,indx,India
LARHA MUGAD::IRGC 52339-1,IRIS 313-8568,IRGC 125619,ind2,India
ARC 5840::IRGC 12144-1,IRIS 313-9424,IRGC 125656,indx,India
NCS 237::IRGC 62202-1,IRIS 313-9492,IRGC 125853,ind2,India
XITTO::IRGC 6671-1,IRIS 313-8622,IRGC 126294,ind2,India
JC 149,IRIS 313-8385,IRGC 117497,aro,India
ARC 12536::IRGC 41068-1,IRIS 313-9053,IRGC 125644,admix,India
ARC 7229::IRGC 12331-1,IRIS 313-9172,IRGC 126177,aro,India
NCS 840::IRGC 62530-1,IRIS 313-9516,IRGC 126251,ind2,India
CSR-89 IR-15::IRGC 117326-1,IRIS 313-10348,IRGC 125959,indx,India
CSR-90 IR-2::IRGC 117327-1,IRIS 313-10349,IRGC 120921,indx,India
K 479-2-3::IRGC 117346-1,IRIS 313-10404,IRGC 121003,indx,India
UPR 1201-1-20-1::IRGC 117357-1,IRIS 313-10417,IRGC 126012,ind1B,India
SURMATIYA::IRGC 74779-1,IRIS 313-8303,IRGC 126008,ind2,India
ARC 13252::IRGC 22604-1,IRIS 313-8382,,admix,India
UPRH 233::IRGC 61667-1,IRIS 313-8435,IRGC 125627,ind1A,India
498-2A BR 8::IRGC 5891-1,IRIS 313-8450,IRGC 126041,ind2,India
ARC 18597::IRGC 43299-1,IRIS 313-8453,IRGC 126043,indx,India
ARC 18175::IRGC 42316-1,IRIS 313-8458,IRGC 131928,indx,India
KEERIPALA CHILL PADDY::IRGC 49790-1,IRIS 313-8559,IRGC 125615,ind2,India
ARC 11901::IRGC 21727-1,IRIS 313-8585,IRGC 127033,indx,India
ARC 12884::IRGC 22417-1,IRIS 313-8603,IRGC 126042,indx,India
RAJHUSAI (ACR 12)::IRGC 53630-1,IRIS 313-8614,IRGC 126264,ind2,India
ARC 11663::IRGC 42695-1,IRIS 313-8621,IRGC 126174,ind1B,India
DUDRE::IRGC 52523-1,IRIS 313-8631,IRGC 125608,ind2,India
PERUNEL::IRGC 63113-1,IRIS 313-8647,IRGC 125621,ind2,India
ROPA::IRGC 74774-1,IRIS 313-8704,,ind2,India
NIBARI::IRGC 67742-1,IRIS 313-8731,IRGC 126119,ind2,India
TYPE 50::IRGC 74782-1,IRIS 313-8754,IRGC 126011,ind2,India
NIRGUNI::IRGC 61127-1,IRIS 313-8757,IRGC 126000,ind2,India
DUDH KADAR::IRGC 67707-1,IRIS 313-8796,IRGC 125607,ind2,India
ARC 14060::IRGC 41374-1,IRIS 313-8844,IRGC 125648,ind2,India
ARC 14654::IRGC 41663-1,IRIS 313-8900,IRGC 125650,ind2,India
PATALASAFED SUNGHAWADO::IRGC 61133-1,IRIS 313-8920,IRGC 125869,ind2,India
PUTTIGE::IRGC 52588-1,IRIS 313-8921,IRGC 125879,temp,India
KUTTA::IRGC 52184-1,IRIS 313-8924,IRGC 125815,ind2,India
ARC 18061::IRGC 47650-1,IRIS 313-8935,IRGC 127034,indx,India
ARC 11524::IRGC 42672-1,IRIS 313-8946,IRGC 125641,indx,India
BAM 9::IRGC 6179-1,IRIS 313-8957,IRGC 125670,ind2,India
ARC 12576::IRGC 22163-1,IRIS 313-8967,IRGC 125645,indx,India
ARC 18112::IRGC 42274-1,IRIS 313-8982,IRGC 125655,indx,India
ARC 10754::IRGC 12603-1,IRIS 313-8986,IRGC 125637,indx,India
BANIKAT::IRGC 67720-1,IRIS 313-8988,IRGC 125672,ind2,India
ARC 14064::IRGC 41377-1,IRIS 313-8994,IRGC 125649,indx,India
CR 60-10::IRGC 15777-1,IRIS 313-9023,IRGC 125715,indx,India
SONAPATNAI::IRGC 46695-1,IRIS 313-9120,IRGC 125905,admix,India
GABAHSI RASAKI C 90::IRGC 49647-1,IRIS 313-9197,IRGC 126205,ind3,India
ARC 6044::IRGC 12190-1,IRIS 313-9201,IRGC 126146,trop,India
MAKRO::IRGC 74763-1,IRIS 313-9258,IRGC 126158,ind2,India
G 25::IRGC 45733-1,IRIS 313-9259,IRGC 126150,ind2,India
SONAMUKHI::IRGC 46693-1,IRIS 313-9287,IRGC 126161,ind2,India
ARC 10799::IRGC 12631-1,IRIS 313-9313,IRGC 125638,indx,India
ARC 13778::IRGC 41216-1,IRIS 313-9347,IRGC 125647,indx,India
BK 26::IRGC 45197-1,IRIS 313-9348,IRGC 125684,ind2,India
BARIK KUDI::IRGC 52807-1,IRIS 313-9384,IRGC 125674,ind2,India
BADUIE::IRGC 53715-1,IRIS 313-9403,IRGC 125666,ind2,India
ARC 18092::IRGC 42256-1,IRIS 313-9427,IRGC 125654,indx,India
GOKULGANJA::IRGC 45701-1,IRIS 313-9433,IRGC 126151,ind2,India
CHNNOR::IRGC 67485-1,IRIS 313-9484,IRGC 125706,indx,India
RPW 9-4 (SS 1)::IRGC 50690-1,IRIS 313-9522,IRGC 126084,indx,India
LABRA::IRGC 74757-1,IRIS 313-9547,IRGC 125817,ind2,India
MULLIKURUVA::IRGC 77529-1,IRIS 313-9557,IRGC 125845,ind2,India
ARC 11857::IRGC 40972-1,IRIS 313-9560,IRGC 125643,indx,India
RP 9-4::IRGC 39735-1,IRIS 313-9566,IRGC 126004,ind1B,India
ARC 15088::IRGC 41934-1,IRIS 313-9593,IRGC 125651,indx,India
RPA 5929 (K 45)::IRGC 33963-1,IRIS 313-9604,IRGC 125890,indx,India
NCS 194::IRGC 51932-1,IRIS 313-9605,IRGC 125852,ind1A,India
ARC 10594::IRGC 12524-1,IRIS 313-9609,IRGC 125636,indx,India
WANGA BARUGULU::IRGC 52261-1,IRIS 313-9611,IRGC 125935,ind2,India
ARC 15873::IRGC 43250-1,IRIS 313-9634,IRGC 125653,indx,India
CAUVERY::IRGC 45255-1,IRIS 313-10148,IRGC 125695,indx,India
PULUTHI KARAN (MIXED)::IRGC 77530-1,IRIS 313-8306,,indx,India
ARC 11867::IRGC 40978-1,IRIS 313-8315,,indx,India
ARC 15091::IRGC 43048-1,IRIS 313-8332,IRGC 126298,indx,India
ARC 18202::IRGC 42328-1,IRIS 313-8414,IRGC 126175,indx,India
DHANE BURWA::IRGC 10105-1,IRIS 313-8530,IRGC 126199,ind2,India
CO 19::IRGC 5905-1,IRIS 313-8657,IRGC 135525,indx,India
URAIBOOL::IRGC 52785-1,IRIS 313-8305,IRGC 126289,ind2,India
ARC 10812::IRGC 21074-1,IRIS 313-8386,IRGC 126173,indx,India
T 315::IRGC 54792-1,IRIS 313-8727,IRGC 126280,ind2,India
BHASAMANIK::IRGC 46954-1,IRIS 313-9360,,ind2,India
ARC 15845::IRGC 42151-1,IRIS 313-9619,,indx,India
CODE NO 31323::IRGC 46907-1,IRIS 313-9190,IRGC 126148,indx,India
ARC 11359::IRGC 21348-1,IRIS 313-9176,IRGC 125639,japx,India
SONA::IRGC 26971-C1,IRIS 313-7780,IRGC 122255,indx,India
NONA BOKRA::IRGC 22710-C1,IRIS 313-7736,IRGC 122181,ind2,India
ISWAR KORA::IRGC 50674-1,IRIS 313-11432,IRGC 127443,admix,India
MR 136-1::IRGC 50707-1,IRIS 313-11433,IRGC 127635,ind1A,India
ARC 18502::IRGC 51749-2,IRIS 313-11442,IRGC 132321,indx,India
ARC 18533::IRGC 51756-1,IRIS 313-11443,IRGC 127161,indx,India
NCS 102::IRGC 51854-1,IRIS 313-11445,IRGC 127653,ind2,India
NAPDAI::IRGC 52009-1,IRIS 313-11446,IRGC 127647,ind2,India
TUNAGANNAPNANG::IRGC 52046-1,IRIS 313-11447,IRGC 128492,indx,India
BARAMANJ::IRGC 52067-1,IRIS 313-11448,IRGC 127209,ind2,India
KODIA PHUL::IRGC 52168-1,IRIS 313-11449,IRGC 127526,indx,India
KALISAL::IRGC 52324-1,IRIS 313-11451,IRGC 128330,aro,India
LOCAL BHAT::IRGC 52343-1,IRIS 313-11452,IRGC 127571,aus,India
ZINYA KOLAMBA::IRGC 52402-1,IRIS 313-11453,IRGC 127916,ind2,India
BARI SUTAR::IRGC 52410-1,IRIS 313-11454,IRGC 127211,aus,India
CIPPI::IRGC 52415-1,IRIS 313-11455,IRGC 128268,aus,India
KOLAMBA::IRGC 52456-1,IRIS 313-11456,IRGC 127528,aus,India
KARAHANI::IRGC 52664-1,IRIS 313-11458,IRGC 128333,aus,India
SELHI::IRGC 52760-1,IRIS 313-11460,IRGC 127792,ind2,India
VAIKATHARYAN::IRGC 52805-1,IRIS 313-11461,IRGC 127881,ind2,India
SALSI::IRGC 52833-1,IRIS 313-11462,IRGC 127780,aus,India
KALIPINCH::IRGC 53271-1,IRIS 313-11476,IRGC 128329,aus,India
KANPURI::IRGC 53278-1,IRIS 313-11477,IRGC 127489,aus,India
LOCAL::IRGC 53300-1,IRIS 313-11478,IRGC 127572,ind2,India
VANKALI::IRGC 53339-1,IRIS 313-11479,IRGC 127882,trop,India
PR 106::IRGC 53418-1,IRIS 313-11480,IRGC 127742,ind1B,India
KALU T 139::IRGC 53670-1,IRIS 313-11489,IRGC 127482,aus,India
ARC 15480::IRGC 53799-1,IRIS 313-11490,IRGC 127160,indx,India
BIR BAHADUR::IRGC 53889-1,IRIS 313-11491,IRGC 127230,ind2,India
SIRHANTI::IRGC 53930-1,IRIS 313-11492,IRGC 127813,aus,India
AR 133::IRGC 53942-1,IRIS 313-11493,IRGC 127126,indx,India
IC 25690::IRGC 53973-1,IRIS 313-11494,IRGC 128317,subtrop,India
K 1074::IRGC 55017-1,IRIS 313-11505,IRGC 127469,ind2,India
K 15591-4::IRGC 55043-1,IRIS 313-11506,IRGC 127470,indx,India
AMAKOYALI::IRGC 60878-1,IRIS 313-11595,IRGC 128213,aus,India
BHAINSA MUNDARIYA::IRGC 60893-1,IRIS 313-11596,IRGC 127221,indx,India
BHATA PYAGI::IRGC 60895-1,IRIS 313-11597,IRGC 127222,ind2,India
GODADANI::IRGC 60944-1,IRIS 313-11598,IRGC 127387,admix,India
JUGRAY::IRGC 60960-1,IRIS 313-11599,IRGC 127468,ind2,India
KOTODESHI::IRGC 60982-1,IRIS 313-11600,IRGC 128353,ind2,India
MALCHI::IRGC 61004-1,IRIS 313-11602,IRGC 127597,aus,India
PANDRI PAREWA::IRGC 61030-1,IRIS 313-11603,IRGC 128425,aus,India
SUGARKAND::IRGC 61059-1,IRIS 313-11604,IRGC 127829,aus,India
BOKDEL::IRGC 61085-1,IRIS 313-11606,IRGC 127233,ind2,India
UPRH 31::IRGC 61503-1,IRIS 313-11616,IRGC 127878,admix,India
UPRH 33::IRGC 61505-1,IRIS 313-11617,IRGC 128495,aus,India
UPRH 58::IRGC 61525-1,IRIS 313-11618,IRGC 127879,aus,India
UPRH 166::IRGC 61615-1,IRIS 313-11619,IRGC 127875,aus,India
UPRH 197::IRGC 61641-1,IRIS 313-11620,IRGC 127876,aus,India
UPRH 265::IRGC 61689-1,IRIS 313-11621,IRGC 127877,indx,India
HOLDIGANTHI::IRGC 61105-1,IRIS 313-11607,IRGC 127411,ind2,India
NCS 271 A::IRGC 62216-1,IRIS 313-11636,IRGC 127654,aus,India
NCS 331::IRGC 62247-1,IRIS 313-11638,IRGC 127656,ind2,India
NCS 349::IRGC 62257-1,IRIS 313-11639,IRGC 127657,indx,India
NCS 458::IRGC 62290-1,IRIS 313-11640,IRGC 127658,ind2,India
NCS 477::IRGC 62299-1,IRIS 313-11641,IRGC 127659,ind2,India
NCS 599::IRGC 62373-1,IRIS 313-11642,IRGC 127661,ind2,India
NCS 603 B::IRGC 62377-1,IRIS 313-11643,IRGC 127662,ind1B,India
NCS 745::IRGC 62466-1,IRIS 313-11644,IRGC 127663,ind2,India
NCS 766::IRGC 62478-1,IRIS 313-11645,IRGC 127664,ind2,India
NCS 771 A::IRGC 62483-1,IRIS 313-11646,IRGC 127665,ind2,India
NCS 809 A::IRGC 62502-1,IRIS 313-11647,IRGC 127666,ind2,India
NCS 830::IRGC 62518-1,IRIS 313-11648,IRGC 127667,ind2,India
NCS 901 A::IRGC 62568-1,IRIS 313-11650,IRGC 127668,ind2,India
GORA DHAN 2::IRGC 66269-1,IRIS 313-11712,IRGC 127389,aus,India
CHUNDI::IRGC 67486-1,IRIS 313-11737,IRGC 127283,aus,India
PAUNDRI::IRGC 67527-1,IRIS 313-11738,IRGC 127720,ind2,India
KALIBAJARI::IRGC 67718-1,IRIS 313-11742,IRGC 127480,aus,India
19::IRGC 70786-1,IRIS 313-11821,IRGC 127096,ind2,India
BHONDU PAREWA::IRGC 70802-1,IRIS 313-11822,IRGC 135738,ind2,India
BHU BHUSI::IRGC 70803-1,IRIS 313-11823,IRGC 127223,ind2,India
DHANIYA PHOOL::IRGC 70811-1,IRIS 313-11824,IRGC 127317,ind2,India
HANSRAJ::IRGC 70836-1,IRIS 313-11825,IRGC 135753,aro,India
HIRA NAKHI::IRGC 70840-1,IRIS 313-11826,IRGC 128309,aro,India
KARI GURMATIA::IRGC 70850-1,IRIS 313-11827,,ind2,India
LALI GURMATIA::IRGC 70854-1,IRIS 313-11828,IRGC 127544,ind2,India
BUTNAPAR::IRGC 74734-1,IRIS 313-11917,IRGC 127241,aus,India
DILBAKSH::IRGC 74738-1,IRIS 313-11918,IRGC 128279,ind2,India
LAKHA KUAR::IRGC 74760-1,IRIS 313-11919,IRGC 127542,ind2,India
KUNJUKUNJU::IRGC 75448-1,IRIS 313-11937,IRGC 127535,indx,India
KARANGI::IRGC 77128-1,IRIS 313-11963,IRGC 127491,aus,India
SHYAMJIRA::IRGC 77522-1,IRIS 313-11969,IRGC 135795,ind2,India
RAUSRR 4::IRGC 79785-1,IRIS 313-12013,IRGC 127767,ind2,India
ADUKKAN::IRGC 81783-1,IRIS 313-12052,IRGC 127109,indx,India
ADT 22::IRGC 5901-1,IRIS 313-10519,IRGC 135733,ind2,India
HR 22::IRGC 6394-1,IRIS 313-10531,IRGC 128310,admix,India
D 204-1::IRGC 6445-1,IRIS 313-10534,IRGC 127290,aus,India
SANNABATHA::IRGC 5971-1,IRIS 313-10521,,aro,India
BELLO::IRGC 6658-2,IRIS 313-10542,IRGC 127992,ind2,India
DODGUI::IRGC 6666-1,IRIS 313-10543,IRGC 128281,aus,India
DONGREM::IRGC 6688-1,IRIS 313-10544,IRGC 127340,ind2,India
PTB 18::IRGC 6105-1,IRIS 313-10523,IRGC 135786,indx,India
CO 2::IRGC 6186-2,IRIS 313-10526,,ind2,India
ADT 12::IRGC 6254-1,IRIS 313-10527,IRGC 127107,ind2,India
T 21::IRGC 8892-1,IRIS 313-10608,IRGC 127832,aus,India
O. SATIVA::IRGC 10164-2,IRIS 313-10628,IRGC 132361,ind2,India
SR 26 B::IRGC 10803-2,IRIS 313-10640,IRGC 128169,ind2,India
ARC 6052::IRGC 12196-1,IRIS 313-10664,IRGC 127163,ind2,India
ARC 6218::IRGC 12255-1,IRIS 313-10666,IRGC 127164,indx,India
ARC 7236::IRGC 12335-1,IRIS 313-10667,IRGC 127168,ind2,India
ARC 7255::IRGC 12343-2,IRIS 313-10668,IRGC 127974,indx,India
ARC 10296::IRGC 12421-2,IRIS 313-10670,IRGC 132317,aro,India
ARC 10581::IRGC 12514-1,IRIS 313-10671,IRGC 127128,indx,India
ARC 10843::IRGC 12653-1,IRIS 313-10673,IRGC 127130,aus,India
ARC 10846::IRGC 12656-2,IRIS 313-10674,IRGC 127932,indx,India
ARC 10905::IRGC 12669-1,IRIS 313-10675,IRGC 127132,indx,India
ARC 10916::IRGC 12673-1,IRIS 313-10676,IRGC 127133,admix,India
KH 998::IRGC 16948-2,IRIS 313-10754,IRGC 128081,indx,India
DAMODAR::IRGC 17038-1,IRIS 313-10756,IRGC 127299,ind2,India
EDAKKADAN 0-69-27::IRGC 19560-1,IRIS 313-10833,IRGC 127355,ind2,India
IARI 11387::IRGC 19573-1,IRIS 313-10834,IRGC 128314,subtrop,India
PERUNEL 0-69-18::IRGC 19581-1,IRIS 313-10835,IRGC 127727,ind2,India
VELLA PERUVAZHA 0-68-12::IRGC 19588-1,IRIS 313-10836,IRGC 127887,ind2,India
ARC 5756::IRGC 20220-2,IRIS 313-10845,IRGC 132418,aus,India
ARC 6015::IRGC 20314-2,IRIS 313-10847,IRGC 127972,indx,India
ARC 6188::IRGC 20370-1,IRIS 313-10848,IRGC 131968,subtrop,India
ARC 7001::IRGC 20436-1,IRIS 313-10849,IRGC 127166,aus,India
ARC 7263::IRGC 20570-2,IRIS 313-10850,IRGC 132244,admix,India
ARC 7296::IRGC 20585-1,IRIS 313-10851,IRGC 132387,aro,India
ARC 7336::IRGC 20606-1,IRIS 313-10852,IRGC 127169,aus,India
ARC 10028::IRGC 20656-2,IRIS 313-10853,IRGC 132239,japx,India
ARC 10145::IRGC 20744-1,IRIS 313-10854,IRGC 127127,aus,India
ARC 10159::IRGC 20754-2,IRIS 313-10855,IRGC 132316,ind2,India
ARC 10537::IRGC 20981-1,IRIS 313-10856,IRGC 128220,admix,India
ARC 10825::IRGC 21082-1,IRIS 313-10857,IRGC 127129,admix,India
ARC 10894::IRGC 21122-1,IRIS 313-10858,IRGC 127131,indx,India
ARC 10939::IRGC 21150-2,IRIS 313-10859,IRGC 127933,indx,India
ARC 11276::IRGC 21278-1,IRIS 313-10861,IRGC 127134,aus,India
ARC 11281::IRGC 21283-1,IRIS 313-10862,IRGC 127135,japx,India
ARC 11322::IRGC 21315-2,IRIS 313-10863,IRGC 127937,ind2,India
ARC 11338::IRGC 21329-1,IRIS 313-10864,IRGC 127136,admix,India
ARC 11424::IRGC 21380-2,IRIS 313-10865,IRGC 127938,subtrop,India
ARC 11478::IRGC 21418-1,IRIS 313-10866,IRGC 128221,subtrop,India
ARC 11538::IRGC 21463-1,IRIS 313-10867,IRGC 128222,subtrop,India
ARC 11571::IRGC 21487-2,IRIS 313-10868,IRGC 127939,aro,India
ARC 11751::IRGC 21614-1,IRIS 313-10869,IRGC 127138,aus,India
ARC 11768::IRGC 21630-1,IRIS 313-10870,IRGC 131966,subtrop,India
ARC 11777::IRGC 21639-1,IRIS 313-10871,IRGC 127139,aus,India
ARC 11802::IRGC 21662-2,IRIS 313-10872,IRGC 132421,japx,India
ARC 11822::IRGC 21677-1,IRIS 313-10873,IRGC 127140,aus,India
ARC 11946::IRGC 21768-2,IRIS 313-10874,IRGC 132318,subtrop,India
ARC 12021::IRGC 21837-1,IRIS 313-10875,IRGC 127141,aus,India
ARC 12067::IRGC 21881-1,IRIS 313-10876,IRGC 127142,aus,India
ARC 12079::IRGC 21888-1,IRIS 313-10877,IRGC 127143,aus,India
ARC 12101::IRGC 21907-1,IRIS 313-10878,IRGC 127144,aus,India
ARC 12124::IRGC 21929-1,IRIS 313-10879,IRGC 127145,admix,India
ARC 12180::IRGC 21965-2,IRIS 313-10880,IRGC 127940,ind2,India
ARC 12413::IRGC 22044-1,IRIS 313-10881,IRGC 128223,admix,India
ARC 12433::IRGC 22064-1,IRIS 313-10882,IRGC 127146,aus,India
ARC 12490::IRGC 22095-1,IRIS 313-10883,IRGC 128224,admix,India
ARC 12493::IRGC 22098-1,IRIS 313-10884,IRGC 128225,subtrop,India
ARC 12559::IRGC 22148-2,IRIS 313-10885,IRGC 127942,indx,India
ARC 12655::IRGC 22226-2,IRIS 313-10886,IRGC 132240,subtrop,India
ARC 12690::IRGC 22257-1,IRIS 313-10887,IRGC 127147,indx,India
ARC 12726::IRGC 22288-2,IRIS 313-10888,IRGC 127943,subtrop,India
ARC 12730::IRGC 22291-1,IRIS 313-10889,,subtrop,India
ARC 12861::IRGC 22395-1,IRIS 313-10890,,subtrop,India
ARC 12867::IRGC 22401-1,IRIS 313-10891,IRGC 127148,aus,India
ARC 12920::IRGC 22450-1,IRIS 313-10892,IRGC 127149,aus,India
ARC 13156::IRGC 22514-1,IRIS 313-10893,IRGC 128226,subtrop,India
ARC 13204::IRGC 22558-1,IRIS 313-10894,IRGC 127150,admix,India
ARC 13257::IRGC 22608-1,IRIS 313-10895,IRGC 127151,subtrop,India
ARC 13276::IRGC 22622-2,IRIS 313-10896,IRGC 127946,admix,India
KOLONGI BAO::IRGC 24135-2,IRIS 313-10929,IRGC 128090,ind2,India
ARC 13373::IRGC 22691-1,IRIS 313-10897,IRGC 128227,ind3,India
ARC 7281::IRGC 24252-2,IRIS 313-10933,IRGC 132245,aro,India
CO 36::IRGC 26847-2,IRIS 313-10988,IRGC 132422,indx,India
GUTTI AKKULLU::IRGC 26850-2,IRIS 313-10989,IRGC 128046,ind2,India
KAVIVARI SAMBA::IRGC 28597-2,IRIS 313-11040,,indx,India
POONGAR::IRGC 28611-1,IRIS 313-11041,IRGC 127738,ind2,India
VELLAIKOTTAI::IRGC 28618-1,IRIS 313-11042,,indx,India
AC 74::IRGC 33967-1,IRIS 313-11152,IRGC 127103,ind1A,India
CT 45::IRGC 34027-2,IRIS 313-11153,IRGC 128517,temp,India
K 113::IRGC 34107-1,IRIS 313-11155,IRGC 128326,temp,India
KHUDWANI ACC 202::IRGC 34154-1,IRIS 313-11156,IRGC 127522,japx,India
BAK TULSI::IRGC 34831-1,IRIS 313-11164,IRGC 127205,aus,India
BENA JHUPI::IRGC 34850-2,IRIS 313-11165,IRGC 127993,aus,India
BHUT MURI::IRGC 34861-1,IRIS 313-11166,IRGC 127224,aus,India
DUBRAJ::IRGC 34904-1,IRIS 313-11167,IRGC 127343,ind2,India
KADA CHOPA::IRGC 34954-1,IRIS 313-11168,IRGC 127473,aus,India
KANAI BASHI::IRGC 34967-1,IRIS 313-11169,IRGC 131997,aus,India
LAL TAURA::IRGC 35017-1,IRIS 313-11170,IRGC 127547,aus,India
M 142::IRGC 35054-1,IRIS 313-11171,IRGC 127583,aus,India
RANI BHOG::IRGC 35109-1,IRIS 313-11172,IRGC 127762,aus,India
SADA AUS::IRGC 35117-1,IRIS 313-11173,IRGC 127776,aus,India
SLO 19::IRGC 35157-1,IRIS 313-11174,IRGC 127817,aus,India
K 17-9-1-1::IRGC 36778-1,IRIS 313-11197,IRGC 127471,indx,India
K 78-13::IRGC 36794-2,IRIS 313-11198,IRGC 132425,temp,India
SYNTHETIC SATIVA::IRGC 36842-2,IRIS 313-11199,IRGC 128176,indx,India
BR 52-87-1::IRGC 36849-2,IRIS 313-11200,IRGC 128002,ind1B,India
SONA AUS::IRGC 35160-1,IRIS 313-11175,IRGC 127821,aus,India
SXC 216::IRGC 35175-1,IRIS 313-11176,IRGC 127831,indx,India
R 146::IRGC 38606-1,IRIS 313-11232,IRGC 128442,aus,India
CR 157-392-4::IRGC 39247-2,IRIS 313-11240,IRGC 128020,indx,India
OR 117-8::IRGC 39680-2,IRIS 313-11242,IRGC 128121,ind2,India
RATNAGIRI 45-2::IRGC 39709-1,IRIS 313-11243,IRGC 127765,admix,India
W 1014-162::IRGC 39871-1,IRIS 313-11244,,indx,India
RP 20-12::IRGC 40031-2,IRIS 313-11245,IRGC 128151,indx,India
RP 1153-20-14::IRGC 40131-2,IRIS 313-11247,IRGC 132431,indx,India
ADR 52::IRGC 40638-2,IRIS 313-11252,,indx,India
ARC 7056::IRGC 40914-1,IRIS 313-11255,IRGC 127167,indx,India
ARC 12411::IRGC 41047-2,IRIS 313-11256,IRGC 127941,indx,India
ARC 12757::IRGC 41095-2,IRIS 313-11257,IRGC 127944,indx,India
ARC 13502::IRGC 41126-2,IRIS 313-11258,IRGC 127948,aro,India
ARC 13515::IRGC 41134-2,IRIS 313-11259,IRGC 127949,aro,India
ARC 13591::IRGC 41177-2,IRIS 313-11260,IRGC 127950,indx,India
ARC 13785::IRGC 41218-2,IRIS 313-11261,IRGC 127951,indx,India
ARC 13888::IRGC 41288-2,IRIS 313-11262,IRGC 127952,indx,India
ARC 13919::IRGC 41313-2,IRIS 313-11263,IRGC 127953,indx,India
ARC 13934::IRGC 41325-2,IRIS 313-11264,IRGC 132241,indx,India
ARC 14150::IRGC 41435-2,IRIS 313-11265,IRGC 132242,aus,India
ARC 14347::IRGC 41517-2,IRIS 313-11266,IRGC 127955,indx,India
ARC 14975::IRGC 41848-1,IRIS 313-11275,IRGC 127156,indx,India
ARC 15063::IRGC 41909-2,IRIS 313-11276,IRGC 132319,indx,India
ARC 15129::IRGC 41938-1,IRIS 313-11277,IRGC 127157,aus,India
ARC 15319::IRGC 42007-1,IRIS 313-11278,,indx,India
ARC 15455::IRGC 42040-2,IRIS 313-11279,IRGC 127967,indx,India
ARC 15486::IRGC 42055-1,IRIS 313-11280,IRGC 135735,indx,India
ARC 15505::IRGC 42066-1,IRIS 313-11281,IRGC 131967,ind1A,India
ARC 15589::IRGC 42096-2,IRIS 313-11282,IRGC 132243,ind2,India
ARC 15743::IRGC 42127-2,IRIS 313-11283,IRGC 132320,indx,India
ARC 18001::IRGC 42195-2,IRIS 313-11284,IRGC 135638,indx,India
ARC 14358::IRGC 41523-2,IRIS 313-11267,IRGC 127956,ind2,India
ARC 18064::IRGC 42237-1,IRIS 313-11285,,ind2,India
ARC 18325::IRGC 42399-1,IRIS 313-11286,IRGC 135736,indx,India
ARC 18371::IRGC 42423-2,IRIS 313-11287,IRGC 127969,indx,India
ARC 18434::IRGC 42429-2,IRIS 313-11288,IRGC 127970,indx,India
ARC 18578::IRGC 42459-2,IRIS 313-11289,IRGC 127971,aro,India
ARC 6579::IRGC 42510-1,IRIS 313-11290,IRGC 127165,admix,India
ARC 7425::IRGC 42538-1,IRIS 313-11291,IRGC 127170,aus,India
ARC 10120::IRGC 42557-2,IRIS 313-11292,IRGC 127929,indx,India
ARC 10975::IRGC 42611-2,IRIS 313-11293,IRGC 127934,aro,India
ARC 11245::IRGC 42651-2,IRIS 313-11294,IRGC 127936,ind2,India
ARC 14398::IRGC 41544-2,IRIS 313-11268,IRGC 127957,aro,India
ARC 11397::IRGC 42664-1,IRIS 313-11295,IRGC 127137,admix,India
ARC 12800::IRGC 42720-2,IRIS 313-11296,IRGC 127945,indx,India
ARC 13460::IRGC 42732-2,IRIS 313-11297,IRGC 127947,admix,India
ARC 13544::IRGC 42743-1,IRIS 313-11298,IRGC 127152,aus,India
ARC 14299::IRGC 42889-2,IRIS 313-11299,IRGC 127954,indx,India
ARC 14709::IRGC 42976-2,IRIS 313-11300,IRGC 127960,ind2,India
ARC 14868::IRGC 43009-2,IRIS 313-11301,IRGC 127963,ind2,India
ARC 14899::IRGC 43016-1,IRIS 313-11302,IRGC 127154,indx,India
ARC 15097::IRGC 43053-1,IRIS 313-11303,IRGC 128228,indx,India
ARC 15163::IRGC 43106-1,IRIS 313-11304,IRGC 127158,indx,India
ARC 14632::IRGC 41650-2,IRIS 313-11269,IRGC 127958,indx,India
ARC 15373::IRGC 43166-2,IRIS 313-11305,IRGC 127964,indx,India
ARC 15385::IRGC 43174-1,IRIS 313-11306,IRGC 127159,indx,India
ARC 15387::IRGC 43175-2,IRIS 313-11307,IRGC 127965,indx,India
ARC 15403::IRGC 43183-2,IRIS 313-11308,IRGC 127966,ind2,India
ARC 15862::IRGC 43242-1,IRIS 313-11309,IRGC 128229,indx,India
ARC 15929::IRGC 43269-2,IRIS 313-11310,IRGC 127968,ind2,India
ARC 14663::IRGC 41671-2,IRIS 313-11270,IRGC 127959,aro,India
ARC 14737::IRGC 41729-2,IRIS 313-11271,IRGC 127961,ind2,India
ARC 14756::IRGC 41736-1,IRIS 313-11272,IRGC 127153,aus,India
ARC 14860::IRGC 41793-2,IRIS 313-11273,IRGC 127962,indx,India
AUS PADDY (RED)::IRGC 44978-1,IRIS 313-11348,IRGC 127192,aus,India
BACHHAIKALMA::IRGC 45003-2,IRIS 313-11349,IRGC 127980,ind2,India
BAJAL::IRGC 45024-2,IRIS 313-11350,IRGC 127983,aro,India
BANCHI::IRGC 45055-2,IRIS 313-11351,IRGC 127986,ind2,India
BUCHI::IRGC 45237-2,IRIS 313-11352,IRGC 128004,aro,India
CHILE BORO::IRGC 45297-2,IRIS 313-11353,IRGC 128013,aus,India
CAC 75::IRGC 45352-2,IRIS 313-11354,IRGC 128008,ind2,India
ARC 14901::IRGC 41811-1,IRIS 313-11274,IRGC 127155,aus,India
CN 44-40-7::IRGC 45368-1,IRIS 313-11355,IRGC 127286,indx,India
CR 44-1::IRGC 45397-1,IRIS 313-11356,,aro,India
CR 579-1-3::IRGC 45443-2,IRIS 313-11357,IRGC 128021,ind1B,India
DADKHANI::IRGC 45454-2,IRIS 313-11358,IRGC 128023,ind2,India
DAHARNAGRA::IRGC 45465-2,IRIS 313-11359,IRGC 128024,ind2,India
JALADHI 1::IRGC 45858-2,IRIS 313-11360,IRGC 132342,aro,India
KALIKALMA::IRGC 45996-2,IRIS 313-11361,IRGC 128067,ind2,India
KEYA NUNIA::IRGC 46117-2,IRIS 313-11362,IRGC 128080,aro,India
KHEJURTHUPI::IRGC 46137-2,IRIS 313-11363,IRGC 128089,ind2,India
KHIRPULI::IRGC 46143-1,IRIS 313-11364,IRGC 135761,indx,India
LANJALI::IRGC 46236-2,IRIS 313-11365,IRGC 128095,indx,India
MAKARANDASAIL::IRGC 46289-2,IRIS 313-11367,IRGC 128103,ind2,India
PANIKELASH::IRGC 46500-2,IRIS 313-11368,IRGC 128128,ind2,India
RANACHANDRABHOG::IRGC 46567-2,IRIS 313-11369,IRGC 128146,ind2,India
SACHI::IRGC 46612-2,IRIS 313-11370,IRGC 132368,ind2,India
SATHI::IRGC 46659-1,IRIS 313-11371,IRGC 127788,aus,India
SUFALDHULA::IRGC 46698-2,IRIS 313-11372,IRGC 128173,ind2,India
T 3::IRGC 46760-2,IRIS 313-11373,IRGC 128177,aro,India
W 398::IRGC 46787-1,IRIS 313-11374,IRGC 127889,aus,India
CODE NO 31225::IRGC 46865-2,IRIS 313-11375,IRGC 128018,aro,India
AEB 368 RIP P TYPE ADT::IRGC 49359-2,IRIS 313-11403,IRGC 127923,indx,India
BATCHA BHOG (SCENTED)::IRGC 49440-2,IRIS 313-11407,IRGC 127989,ind2,India
CHITRAKALI::IRGC 49524-2,IRIS 313-11408,IRGC 128016,ind2,India
CUTTACK 29::IRGC 49573-1,IRIS 313-11409,IRGC 127289,ind2,India
KARUNJEERAGA SAMBA::IRGC 49774-1,IRIS 313-11414,IRGC 127495,indx,India
KONAMANI::IRGC 49806-1,IRIS 313-11416,IRGC 127529,ind2,India
LAWANGAI::IRGC 49850-2,IRIS 313-11417,IRGC 132256,admix,India
MATALI::IRGC 49891-2,IRIS 313-11418,IRGC 128106,ind2,India
MUTHA SAMBA::IRGC 49924-2,IRIS 313-11419,,indx,India
PISINI::IRGC 50035-2,IRIS 313-11420,IRGC 128138,ind2,India
TULASIBAS::IRGC 50192-2,IRIS 313-11421,IRGC 128196,ind2,India
